<?xml version="1.0" encoding="UTF-8"?>
<project-private xmlns="http://www.netbeans.org/ns/project-private/1">
    <editor-bookmarks xmlns="http://www.netbeans.org/ns/editor-bookmarks/2" lastBookmarkId="0"/>
    <open-files xmlns="http://www.netbeans.org/ns/projectui-open-files/2">
        <group>
            <file>file:/C:/Users/ASUS/Documents/dimashw/New%20Folder/Restoran/src/restoran/Framelogin.java</file>
            <file>file:/C:/Users/ASUS/Documents/dimashw/New%20Folder/Restoran/src/Koneksi/KoneksiDB.java</file>
            <file>file:/C:/Users/ASUS/Documents/dimashw/New%20Folder/Restoran/src/restoran/Framemenu.java</file>
            <file>file:/C:/Users/ASUS/Documents/dimashw/New%20Folder/Restoran/src/restoran/Laporan.java</file>
            <file>file:/C:/Users/ASUS/Documents/dimashw/New%20Folder/Restoran/src/restoran/Frametransaksi.java</file>
            <file>file:/C:/Users/ASUS/Documents/dimashw/New%20Folder/Restoran/src/restoran/Daftar.java</file>
        </group>
    </open-files>
</project-private>
